method,level,freq,mean_nRMSE,median_nRMSE,sd_nRMSE,min_nRMSE,max_nRMSE,mean_nMBE,median_nMBE,sd_nMBE,mean_skill,median_skill,mean_SMAPE,median_SMAPE,n_series
ctbu_ets,L0,Daily,13.4721502894183,13.4721502894183,,13.4721502894183,13.4721502894183,1.56984417194163,1.56984417194163,,33.4087714969926,33.4087714969926,5.25482055062775,5.25482055062775,1
ctbu_ets,L0,Hourly,23.5453299250647,23.5453299250647,,23.5453299250647,23.5453299250647,1.56984417194163,1.56984417194163,,31.9804908425926,31.9804908425926,55.6408435940156,55.6408435940156,1
ctbu_ets,L1,Daily,16.8247588165644,17.4229471912419,4.04471420012509,11.0139765337073,22.0536928909801,1.45327382245746,1.37977716516885,0.492928146207607,31.6306714822581,31.6758350832136,6.86742737755975,6.72079352628787,5
ctbu_ets,L1,Hourly,30.157933641641,30.9328152532888,6.98630740518457,20.2154932597548,39.7435007341724,1.45327382245746,1.37977716516885,0.492928146207601,30.1677453923359,29.6167675349733,56.9480688572919,57.3200377198029,5
ctbu_ets,L2,Daily,22.1470596454653,22.9731324483511,4.74772685477504,12.0698327342521,37.1204671184539,1.59778056022638,1.45473955987717,0.88897458738336,27.9127326937731,28.0121575993207,9.48121553578857,9.4686423522769,318
ctbu_ets,L2,Hourly,44.4537482079794,45.9351701277543,8.58907611299066,25.9764481412949,70.1006015673666,1.59778056022461,1.45473955987718,0.888974587383239,25.8020463649135,26.0347164933214,52.8979574931354,53.2705546269674,318
ctbu_ets_author,L0,Daily,13.4201117883209,13.4201117883209,,13.4201117883209,13.4201117883209,1.42904647310217,1.42904647310217,,33.6659915875561,33.6659915875561,5.23895290140871,5.23895290140871,1
ctbu_ets_author,L0,Hourly,23.4986329752312,23.4986329752312,,23.4986329752312,23.4986329752312,1.42904647310217,1.42904647310217,,32.1153924819807,32.1153924819807,55.4270429222306,55.4270429222306,1
ctbu_ets_author,L1,Daily,16.780480162102,17.3672292397381,4.04408847502259,10.9804062074999,22.0141782745932,1.32047104845661,1.24570389052903,0.450404074202812,31.817094498258,31.8840854364887,6.86258373468044,6.71625121063974,5
ctbu_ets_author,L1,Hourly,30.1269001095152,30.8929586337129,6.97435395931735,20.2006688404661,39.69018102829,1.32047104845661,1.24570389052903,0.450404074202811,30.2384279621853,29.6683809453189,56.4511664768766,56.7967749304478,5
ctbu_ets_author,L2,Daily,22.1162238223353,22.937296176794,4.75195911100818,12.0403118366374,37.1400197794995,1.45425108008971,1.30044275916195,0.880779061465233,28.0177828508621,28.0736454710328,9.48358963806539,9.46133039548275,318
ctbu_ets_author,L2,Hourly,44.4221407071666,45.8927885766607,8.57981725070161,25.9971869517558,70.0545322232814,1.45425108008182,1.30044275916195,0.880779061469424,25.8535611509499,26.1056318780441,47.4484966217819,47.936553426438,318
ctbu_lgbm,L0,Daily,13.1410592975005,13.1410592975005,,13.1410592975005,13.1410592975005,-1.34538434706943,-1.34538434706943,,35.0453146934712,35.0453146934712,5.30798629695137,5.30798629695137,1
ctbu_lgbm,L0,Hourly,24.3369677015061,24.3369677015061,,24.3369677015061,24.3369677015061,-1.34538434706944,-1.34538434706944,,29.6935484571864,29.6935484571864,55.6368286211031,55.6368286211031,1
ctbu_lgbm,L1,Daily,17.1298813096377,17.3688345648838,4.06389886055276,11.6143995682399,22.7355121760547,-1.28898154976955,-1.22109776635482,0.431566800827404,30.2309435321368,30.6547067064009,7.22376456132123,6.97810235368805,5
ctbu_lgbm,L1,Hourly,31.745110378086,31.9978974223611,7.0913727757356,22.131415316777,41.8407800294514,-1.28898154976955,-1.22109776635482,0.431566800827397,26.3006404529309,26.5517021608939,56.8562002719169,57.0290598762269,5
ctbu_lgbm,L2,Daily,24.0390403215316,24.501849044732,5.02857371530721,13.2060820820812,39.2551612142258,-1.36533927745506,-1.26430831643427,0.789855822903002,21.5231804633174,21.5108424588868,10.525247513475,10.6044804248213,318
ctbu_lgbm,L2,Hourly,49.0782457996079,50.0801604237473,9.03943045624362,28.6637955756814,74.9618586610015,-1.36533927746057,-1.26430831643427,0.78985582289928,17.8562716722191,17.5467871859237,55.577224637148,55.8287466778096,318
ctbu_lgbm_nwp,L0,Daily,13.4041677093196,13.4041677093196,,13.4041677093196,13.4041677093196,0.311149715809252,0.311149715809252,,33.7448012642032,33.7448012642032,5.30590541092186,5.30590541092186,1
ctbu_lgbm_nwp,L0,Hourly,25.7091211398786,25.7091211398786,,25.7091211398786,25.7091211398786,0.311149715809254,0.311149715809254,,25.7295690326557,25.7295690326557,56.2554940227337,56.2554940227337,1
ctbu_lgbm_nwp,L1,Daily,17.2203913097006,17.4685850160488,4.10536528109202,11.6044615398723,22.8763312125432,0.3131723078429,0.33810587989853,0.137110153843322,29.8855317109874,29.9037351588171,7.12872727208363,6.91168547054293,5
ctbu_lgbm_nwp,L1,Hourly,32.8617812433818,32.8477240518644,7.19096550862814,23.1536445660846,43.2264759622786,0.3131723078429,0.338105879898534,0.13711015384332,23.6139264564489,23.1077377028978,57.6011370198111,57.7920757909799,5
ctbu_lgbm_nwp,L2,Daily,23.6455315341316,24.1237854734151,4.94163284620347,13.3435170857281,38.10757698023,0.307504819628618,0.316629981973001,0.613677332903306,22.8541270529352,22.3196002219524,10.2373329602681,10.2276090824626,318
ctbu_lgbm_nwp,L2,Hourly,50.0394390683322,50.8251607335995,9.31942247130198,30.6869724900736,76.8971535929804,0.307504819628617,0.316629981972998,0.613677332903305,16.2909085014497,16.0600893392377,54.6868156231058,54.8772819740693,318
ctbu_rf,L0,Daily,14.4470212681569,14.4470212681569,,14.4470212681569,14.4470212681569,-2.71919980622713,-2.71919980622713,,28.5901007791398,28.5901007791398,5.82025651872573,5.82025651872573,1
ctbu_rf,L0,Hourly,25.6861869784921,25.6861869784921,,25.6861869784921,25.6861869784921,-2.71919980622713,-2.71919980622713,,25.7958229524525,25.7958229524525,54.238086218653,54.238086218653,1
ctbu_rf,L1,Daily,18.0462009657264,18.5205108914204,4.25423233846086,12.0670959812261,23.6832693371786,-2.62966558322564,-2.65003074198279,0.516420520597165,26.552085074134,26.5231003042141,7.60093801368587,7.36526390021884,5
ctbu_rf,L1,Hourly,32.5648080217925,33.1748892237727,7.45008071591697,22.1482026185953,42.840120839936,-2.62966558322564,-2.65003074198279,0.516420520597158,24.5391156479421,24.5105255040589,55.5692478982863,56.0433705873859,5
ctbu_rf,L2,Daily,23.5365443952976,24.1708662743898,4.89949442363697,12.9743277065119,38.7340518979726,-2.74719714798376,-2.78156846998198,0.635975625396128,23.2539560634924,23.5172328126104,10.3549157687277,10.3517890444936,318
ctbu_rf,L2,Hourly,46.6820312733464,48.0041736852513,8.74523044659694,27.255190685326,72.2806082955816,-2.74719714798879,-2.78156846998197,0.63597562539359,21.9801135414129,22.1229959748082,51.9591726868496,51.9546368459983,318
ctbu_rf_nwp,L0,Daily,14.1350678229106,14.1350678229106,,14.1350678229106,14.1350678229106,-1.63064401344032,-1.63064401344032,,30.1320493700053,30.1320493700053,5.60879393103882,5.60879393103882,1
ctbu_rf_nwp,L0,Hourly,25.5771363932224,25.5771363932224,,25.5771363932224,25.5771363932224,-1.63064401344032,-1.63064401344032,,26.1108564349724,26.1108564349724,55.1456341243795,55.1456341243795,1
ctbu_rf_nwp,L1,Daily,17.7273809102897,18.208911122651,4.21005438357296,11.7605985358937,23.2454967236897,-1.57627320290241,-1.65275981375347,0.322996043157449,27.8923797436581,27.70968124569,7.39393488173188,7.15822981994082,5
ctbu_rf_nwp,L1,Hourly,32.5042796850535,33.033460601584,7.51384230386136,21.9749487848225,42.8821627863787,-1.57627320290241,-1.65275981375347,0.322996043157446,24.7131977093762,24.3733147911407,56.597606589056,57.0378239730791,5
ctbu_rf_nwp,L2,Daily,23.1087232253399,23.8403800171108,4.84023074201558,12.696838139927,37.7631821622967,-1.64490793920108,-1.64892742256331,0.470159855547953,24.6918126590359,24.7837002577106,10.0786739940877,10.1077872473643,318
ctbu_rf_nwp,L2,Hourly,47.0840995122267,48.2481007787968,8.9420110027242,27.6627463144914,72.9935880624434,-1.64490793921175,-1.64892742256331,0.470159855543535,21.3549276177334,21.6766062409913,51.479097793273,51.620136494132,318
ctbu_sarimax,L0,Daily,11.3281877708815,11.3281877708815,,11.3281877708815,11.3281877708815,-3.48930994643969,-3.48930994643969,,44.0061219500904,44.0061219500904,4.88713937993051,4.88713937993051,1
ctbu_sarimax,L0,Hourly,30.6572409770923,30.6572409770923,,30.6572409770923,30.6572409770923,-3.4893099464397,-3.4893099464397,,11.4350705630878,11.4350705630878,57.6944872410518,57.6944872410518,1
ctbu_sarimax,L1,Daily,15.3419122441485,15.4950115984957,4.05332464068511,10.0692036228047,21.355151013399,-3.24282509590805,-3.01142351955641,1.41753734844088,37.7096714861403,37.5366447531697,6.71163213668775,6.45671229791504,5
ctbu_sarimax,L1,Hourly,36.3946626875048,34.8902433673876,10.6241123186957,23.6034593044442,53.0945940607223,-3.24282509590804,-3.01142351955641,1.41753734844086,16.2357550965354,17.8210621993183,58.5610105780518,58.5567492953507,5
ctbu_sarimax,L2,Daily,22.4627208664301,22.9572374464779,5.35530590167256,12.5077381331959,39.1236382499426,-3.56994729295986,-3.45565233051252,1.58396841580446,27.0124071691335,27.3268431718378,10.0897760047188,10.0120969086256,318
ctbu_sarimax,L2,Hourly,53.0781107728293,52.2531568515274,12.0426839821076,28.8065042307291,82.4493749998105,-3.56994729296109,-3.45565233051251,1.58396841580317,11.6143387583599,13.1269608138572,58.5569399274968,58.8533477681219,318
ctbu_sarimax_nwp,L0,Daily,10.5853092270553,10.5853092270553,,10.5853092270553,10.5853092270553,-1.2496185624258,-1.2496185624258,,47.6780817931131,47.6780817931131,4.42375716820083,4.42375716820083,1
ctbu_sarimax_nwp,L0,Hourly,23.8531339463727,23.8531339463727,,23.8531339463727,23.8531339463727,-1.2496185624258,-1.2496185624258,,31.0912835767493,31.0912835767493,56.3254442671073,56.3254442671073,1
ctbu_sarimax_nwp,L1,Daily,14.8249091077365,14.8889102102573,3.84698875721724,9.86003786204123,20.5990390484983,-1.18135716576631,-1.07963311610617,0.646840868559144,39.7144363678653,38.8341848277842,6.31021876919783,6.03577795451403,5
ctbu_sarimax_nwp,L1,Hourly,31.3913065690812,30.9588412160023,7.87451586770619,21.6235980825446,43.6251168944141,-1.18135716576631,-1.07963311610618,0.646840868559139,27.2563535132168,26.0485084631427,57.3950769195697,57.5388619229281,5
ctbu_sarimax_nwp,L2,Daily,21.9872393895752,22.5179928519955,5.29633422685392,12.3454000776622,39.2672045565237,-1.27861265908973,-1.34297978436021,0.977655795630722,28.5789760847324,28.4564025660944,9.70033302558483,9.66595423038978,318
ctbu_sarimax_nwp,L2,Hourly,49.3105966024692,49.3920023060035,10.5207651537596,28.3407536840337,78.6403011929179,-1.27861265909076,-1.34297978436021,0.977655795629288,17.8094190205289,19.0903233296324,54.092215635328,54.8096618716005,318
ctwlsv_ets,L0,Daily,13.6757059636043,13.6757059636043,,13.6757059636043,13.6757059636043,1.42456820134279,1.42456820134279,,32.4026201312786,32.4026201312786,5.32454206537826,5.32454206537826,1
ctwlsv_ets,L0,Hourly,23.6623689797389,23.6623689797389,,23.6623689797389,23.6623689797389,1.42456820134279,1.42456820134279,,31.6423796725,31.6423796725,55.3422824067204,55.3422824067204,1
ctwlsv_ets,L1,Daily,17.0418292787266,17.5730869452173,4.05985938661963,11.1970830670678,22.1899383108111,1.29890524992101,1.27951742938096,0.476189317422217,30.7307282979301,30.5846503383901,6.9524994638514,6.77955247199687,5
ctwlsv_ets,L1,Hourly,30.2370840618017,31.0021028428311,6.97431822354809,20.1884886354198,39.6001486486711,1.29890524992101,1.27951742938096,0.476189317422212,30.0019092947334,29.710788132333,56.5897550531425,56.8793550482073,5
ctwlsv_ets,L2,Daily,22.2891658598104,23.1157186019818,4.7464155237625,12.1858557711136,37.0601706733603,1.44978315196724,1.30729850233589,0.870475101271269,27.4395400101996,27.5575351021095,9.54665673276396,9.52252944729812,318
ctwlsv_ets,L2,Hourly,44.4652543230065,45.9391322639713,8.52100941253762,25.884155459647,69.5796999491743,1.44978315196724,1.30729850233589,0.870475101271267,25.771762501855,26.017433005577,52.1924416888669,52.6805140293686,318
ctwlsv_ets_author,L0,Daily,13.6392136380152,13.6392136380152,,13.6392136380152,13.6392136380152,1.31232850814785,1.31232850814785,,32.5829973345985,32.5829973345985,5.31499986404989,5.31499986404989,1
ctwlsv_ets_author,L0,Hourly,23.6256164921995,23.6256164921995,,23.6256164921995,23.6256164921995,1.31232850814785,1.31232850814785,,31.7485530058403,31.7485530058403,55.1802520263919,55.1802520263919,1
ctwlsv_ets_author,L1,Daily,17.0129082096509,17.5296557971058,4.05935274992811,11.1783440598725,22.1612381326282,1.1950292702032,1.16911467438205,0.439722038499547,30.8519846176639,30.7853578623236,6.95251710711387,6.77722938820102,5
ctwlsv_ets_author,L1,Hourly,30.2149182727635,30.9694613483104,6.96540668534206,20.1780714496997,39.557093053121,1.1950292702032,1.16911467438205,0.439722038499543,30.0525385156434,29.747057106567,56.2573625030499,56.5660299740922,5
ctwlsv_ets_author,L2,Daily,22.2701733016307,23.0873497836174,4.75201658930029,12.1688700828666,37.0923125241041,1.33517553133408,1.20229842296555,0.86745559093938,27.5055243044454,27.6252585780194,9.55164578501179,9.52249713698392,318
ctwlsv_ets_author,L2,Hourly,44.4406078945546,45.9161024965056,8.51368156057158,25.9071335174119,69.5429646486075,1.33517553133408,1.20229842296556,0.867455590939379,25.8118344842659,26.0430704798194,47.2726583733917,47.7739931766835,318
ctwlsv_lgbm,L0,Daily,13.0920682215881,13.0920682215881,,13.0920682215881,13.0920682215881,-1.29464835554905,-1.29464835554905,,35.2874717256161,35.2874717256161,5.29123651954282,5.29123651954282,1
ctwlsv_lgbm,L0,Hourly,24.1952539757621,24.1952539757621,,24.1952539757621,24.1952539757621,-1.29464835554906,-1.29464835554906,,30.1029416615566,30.1029416615566,55.591734480745,55.591734480745,1
ctwlsv_lgbm,L1,Daily,17.1077327988572,17.3626076505058,4.05702744599364,11.6108672925936,22.7089357404203,-1.23880664964073,-1.16889747392836,0.424637873753028,30.3183594039926,30.8310749126541,7.21254359346018,6.96599402058894,5
ctwlsv_lgbm,L1,Hourly,31.668037192665,31.9462062067204,7.0925991846618,22.0674089523329,41.7836448720994,-1.23880664964072,-1.16889747392837,0.42463787375302,26.4851881303396,26.7668527949431,56.8176289901348,57.0022497133259,5
ctwlsv_lgbm,L2,Daily,24.0243723716756,24.4617055660727,5.03156781488282,13.2488084036636,39.2489274258324,-1.31413150318258,-1.21714090927165,0.787251605813723,21.5743589720156,21.4280914146766,10.5167812820126,10.6070085331881,318
ctwlsv_lgbm,L2,Hourly,49.0268279935373,50.0225080089813,9.04897199157761,28.6850747886038,74.937029227467,-1.31413150318258,-1.21714090927164,0.787251605813722,17.9484691556385,17.6565873134754,55.3610629239366,55.618363040333,318
ctwlsv_lgbm_nwp,L0,Daily,13.2869709316471,13.2869709316471,,13.2869709316471,13.2869709316471,0.237284305858898,0.237284305858898,,34.3240909272595,34.3240909272595,5.27691809743331,5.27691809743331,1
ctwlsv_lgbm_nwp,L0,Hourly,24.8914306403379,24.8914306403379,,24.8914306403379,24.8914306403379,0.237284305858901,0.237284305858901,,28.0917744720545,28.0917744720545,55.8522979050302,55.8522979050302,1
ctwlsv_lgbm_nwp,L1,Daily,17.1641976600964,17.4273827875669,4.08671378456303,11.6000522885035,22.8193996061572,0.231697363370842,0.292758605342152,0.15203817109135,30.1024757156064,30.259072747724,7.12474808237971,6.89435515897507,5
ctwlsv_lgbm_nwp,L1,Hourly,32.2107269513637,32.3473481325068,7.12529924568961,22.5599593256005,42.4528802578317,0.231697363370842,0.292758605342152,0.15203817109135,25.1701976821083,24.7502195075819,57.1411999402635,57.3993301996689,5
ctwlsv_lgbm_nwp,L2,Daily,23.608689496423,24.0396389849095,4.9532721241348,13.4215033227286,38.0857656595366,0.231981817662289,0.232040591202596,0.61404906774613,22.9806087639308,22.4995983145602,10.2309895469065,10.2323593371028,318
ctwlsv_lgbm_nwp,L2,Hourly,49.6032147482676,50.3653586592838,9.266575977272,30.5591357390999,76.4920706802628,0.231981817662289,0.2320405912026,0.614049067746129,17.0303469881064,16.652530396412,53.9594760348656,54.160236440268,318
ctwlsv_rf,L0,Daily,14.4215577385531,14.4215577385531,,14.4215577385531,14.4215577385531,-2.65913487956947,-2.65913487956947,,28.7159639622187,28.7159639622187,5.8035687536644,5.8035687536644,1
ctwlsv_rf,L0,Hourly,25.6199532110221,25.6199532110221,,25.6199532110221,25.6199532110221,-2.65913487956947,-2.65913487956947,,25.9871640110527,25.9871640110527,54.2011532996549,54.2011532996549,1
ctwlsv_rf,L1,Daily,18.0274752920743,18.5073340842634,4.24082810788223,12.0741715821704,23.6578969417311,-2.56068014537958,-2.60625166397496,0.524460076615713,26.618120242917,26.6017599778751,7.58847795395137,7.35468178458992,5
ctwlsv_rf,L1,Hourly,32.5113869515428,33.1401975263728,7.43294703472436,22.128321936312,42.7824180485327,-2.56068014537958,-2.60625166397496,0.524460076615705,24.6580568244381,24.6113919354675,55.5427601094033,56.0285424840823,5
ctwlsv_rf,L2,Daily,23.5192239817997,24.1308813755388,4.89573623467746,12.9840216691217,38.7104622883544,-2.68714552673783,-2.72404318791342,0.635163326429342,23.3097883173568,23.5679052201221,10.3429419270278,10.3434540597415,318
ctwlsv_rf,L2,Hourly,46.6419996880637,47.9672946029063,8.73890989935556,27.2608516214902,72.2124723044082,-2.68714552673782,-2.72404318791343,0.635163326429341,22.0472756097759,22.181943011317,51.7652788036955,51.7787038089309,318
ctwlsv_rf_nwp,L0,Daily,14.1551584729643,14.1551584729643,,14.1551584729643,14.1551584729643,-1.70087888616919,-1.70087888616919,,30.0327436883022,30.0327436883022,5.62207113932441,5.62207113932441,1
ctwlsv_rf_nwp,L0,Hourly,25.2535460722252,25.2535460722252,,25.2535460722252,25.2535460722252,-1.70087888616919,-1.70087888616919,,27.0456683434217,27.0456683434217,54.6741654901855,54.6741654901855,1
ctwlsv_rf_nwp,L1,Daily,17.758185946593,18.2314294085778,4.18928154389679,11.8430259425139,23.2753750583777,-1.64750119897268,-1.70680567164266,0.325292166764173,27.7358859213974,27.6161500919205,7.41075985749978,7.17081118285133,5
ctwlsv_rf_nwp,L1,Hourly,32.1811116773509,32.7834120530951,7.41172772843124,21.7685471015238,42.3907238215024,-1.64750119897267,-1.70680567164266,0.325292166764172,25.4544288407899,25.108830346903,55.990186747137,56.4730418239624,5
ctwlsv_rf_nwp,L2,Daily,23.1349134676331,23.8326699865334,4.84300290476405,12.7475411818005,37.8176934001484,-1.71680487015454,-1.74461344220035,0.477420778432382,24.6008331400841,24.6546367492245,10.0950754223745,10.117274055629,318
ctwlsv_rf_nwp,L2,Hourly,46.8395662056057,47.9152369739921,8.84809731772833,27.6277691148025,72.4730362674909,-1.71680487015454,-1.74461344220034,0.477420778432381,21.7500209889475,21.978252494757,51.0451845237613,51.0864434848293,318
ctwlsv_sarimax,L0,Daily,11.2818038403456,11.2818038403456,,11.2818038403456,11.2818038403456,-3.33204156069459,-3.33204156069459,,44.235392174281,44.235392174281,4.84926755795816,4.84926755795816,1
ctwlsv_sarimax,L0,Hourly,30.0366741338008,30.0366741338008,,30.0366741338008,30.0366741338008,-3.33204156069459,-3.33204156069459,,13.227810448848,13.227810448848,57.4960953163292,57.4960953163292,1
ctwlsv_sarimax,L1,Daily,15.3257649406699,15.4691935194106,4.06705167352562,10.0525860812857,21.3638264705586,-3.09717209191339,-2.81993538499585,1.4430813308132,37.7882164264839,37.6397301051113,6.68795499295915,6.40083660641237,5
ctwlsv_sarimax,L1,Hourly,35.8655095923554,34.4212480320057,10.6382274636124,23.0048626631224,52.5660789343255,-3.09717209191339,-2.81993538499585,1.44308133081318,17.5307838198455,19.9051650217219,58.302475303588,58.370777332214,5
ctwlsv_sarimax,L2,Daily,22.4440830623637,22.9114082220519,5.36759725016421,12.4966525881441,39.0978067013649,-3.41261549076577,-3.29137510024951,1.58703714911141,27.0835385956942,27.3837181905405,10.0716468268267,10.0051531949306,318
ctwlsv_sarimax,L2,Hourly,52.6781562352948,51.9125499245781,11.9842446954058,28.6811086635253,81.7513217384709,-3.41261549076577,-3.29137510024951,1.58703714911141,12.2941256346973,13.8479284349598,56.8965223910263,57.3794218132131,318
ctwlsv_sarimax_nwp,L0,Daily,10.640524863902,10.640524863902,,10.640524863902,10.640524863902,-1.43627126260835,-1.43627126260835,,47.4051575003158,47.4051575003158,4.45915954493172,4.45915954493172,1
ctwlsv_sarimax_nwp,L0,Hourly,23.8170569667735,23.8170569667735,,23.8170569667735,23.8170569667735,-1.43627126260835,-1.43627126260835,,31.1955054522562,31.1955054522562,56.2543219600197,56.2543219600197,1
ctwlsv_sarimax_nwp,L1,Daily,14.8840128631944,15.0440642502404,3.87275746547077,9.87387606019659,20.6739950366502,-1.39746633038529,-1.16731930511701,0.796880493527754,39.4969190792006,38.748340870334,6.35716732456068,6.03639319401899,5
ctwlsv_sarimax_nwp,L1,Hourly,31.3287352259405,30.837083078031,8.04005892387912,21.2169144568636,43.7110083338921,-1.39746633038528,-1.16731930511701,0.796880493527749,27.5129508374635,26.3201516220904,57.2523283342111,57.3703470710461,5
ctwlsv_sarimax_nwp,L2,Daily,22.0395251791594,22.5876047344225,5.32147128294232,12.3472477228213,39.219485658111,-1.47089071658049,-1.4718672026011,1.04712792234274,28.4228265361719,28.3848562845815,9.73649972108521,9.71666913623267,318
ctwlsv_sarimax_nwp,L2,Hourly,49.2918160685915,49.4826705680658,10.5684840752415,28.2522195178981,78.4769757033561,-1.47089071658048,-1.47186720260109,1.04712792234274,17.8628270113228,19.2226363556186,54.1917495820565,54.7627698094945,318
ets_author_base,L0,Daily,18.1686802306604,18.1686802306604,,18.1686802306604,18.1686802306604,-0.945042516814777,-0.945042516814777,,10.1943853915976,10.1943853915976,7.05968544313713,7.05968544313713,1
ets_author_base,L0,Hourly,27.8458816490692,27.8458816490692,,27.8458816490692,27.8458816490692,0.394365843700339,0.394365843700339,,19.5567355457332,19.5567355457332,55.1643603067722,55.1643603067722,1
ets_author_base,L1,Daily,20.93571708655,21.9543538758886,5.07390035822142,13.5528749249158,26.8898955821893,-0.984544108096832,-0.889516009560375,0.315275085789056,15.0497083302493,15.9260183065925,8.69650630330058,8.66021515505547,5
ets_author_base,L1,Hourly,34.2419678901429,35.1389896161861,8.15435935565368,22.4101250936763,44.9429921965368,0.130925339540945,0.118600480100424,0.190974102729818,20.8810492156295,21.9758319140972,57.0410565004389,57.2250410861447,5
ets_author_base,L2,Daily,25.8182441227199,26.9091693789806,5.43335993704541,13.1551585667705,42.0715373235849,-0.940582985855474,-0.925718061475958,0.520271312609793,16.0670212566976,16.6410021898346,11.2227953117553,11.253660253479,318
ets_author_base,L2,Hourly,53.4580558190711,53.2671803299777,13.301342936984,29.4609427402771,98.0860972912096,4.36163316242777,3.30836382403669,4.69860088846943,11.3417156173743,13.2296100347128,21.4261919309218,21.6015978581729,318
ets_base,L0,Daily,18.1686802306604,18.1686802306604,,18.1686802306604,18.1686802306604,-0.945042516814777,-0.945042516814777,,10.1943853915976,10.1943853915976,7.05968544313713,7.05968544313713,1
ets_base,L0,Hourly,27.8200326498612,27.8200326498612,,27.8200326498612,27.8200326498612,0.63174663228412,0.63174663228412,,19.6314100669199,19.6314100669199,41.8797263235934,41.8797263235934,1
ets_base,L1,Daily,20.8204055371794,21.9543538758886,4.98900175787764,13.5528749249158,26.806498339826,-0.958166571702585,-0.865748267025939,0.306005381141812,15.4629062687673,16.4058028289836,8.69650630330058,8.66021515505547,5
ets_base,L1,Hourly,34.2231666440601,35.1252759018925,8.15655523965278,22.386988684334,44.9288265702915,0.496651325071034,0.467445142538394,0.11680181671752,20.9276198918866,22.0563847483128,42.2348220897576,41.8262013998403,5
ets_base,L2,Daily,25.782230256706,26.849882933664,5.41187080388592,13.1551585667705,42.0715373235849,-0.926515403576947,-0.919110096327688,0.510210933984368,16.1763632594168,16.6956563640584,11.2227953117553,11.253660253479,318
ets_base,L2,Hourly,53.4580558190711,53.2671803299777,13.301342936984,29.4609427402771,98.0860972912096,4.36163316242777,3.30836382403669,4.69860088846943,11.3417156173743,13.2296100347128,21.4261919309218,21.6015978581729,318
lgbm_base,L0,Daily,16.9516154623806,16.9516154623806,,16.9516154623806,16.9516154623806,-3.63049453101306,-3.63049453101306,,16.2101910608034,16.2101910608034,7.18041952917781,7.18041952917781,1
lgbm_base,L0,Hourly,24.6404071358452,24.6404071358452,,24.6404071358452,24.6404071358452,-1.03222561636802,-1.03222561636802,,28.8169499364422,28.8169499364422,43.8957061649987,43.8957061649987,1
lgbm_base,L1,Daily,22.1083003295614,21.7137882317203,4.32989901411105,16.5501751812519,28.4604777908783,-5.65828511836729,-5.71179211486201,1.27888532516597,9.02419803799446,8.10611856111711,9.71093739176681,9.36836935214609,5
lgbm_base,L1,Hourly,34.7409391258941,35.0141927041531,7.8767805324736,24.250249901241,46.0540392051811,-2.06235041785185,-1.89044468485026,0.532014676712434,19.3750286656042,20.4944908756651,44.333791178507,44.2969105877059,5
lgbm_base,L2,Daily,28.7944389707599,29.8659172878052,5.52624558022299,16.524516761925,44.3620969444593,-7.78236432456263,-8.01891798800398,2.038752170672,5.84492013084241,6.02276661376841,13.2520166757465,13.6272124595118,318
lgbm_base,L2,Hourly,50.9848791864139,51.9967957906413,9.43351956958952,29.1441269068959,78.5996972232994,-2.46710399280425,-2.34777148168221,1.16325763309011,14.6432467055111,14.373693586183,50.4983864058056,50.9392656737339,318
lgbm_nwp_base,L0,Daily,16.9516154623806,16.9516154623806,,16.9516154623806,16.9516154623806,-3.63049453101306,-3.63049453101306,,16.2101910608034,16.2101910608034,7.18041952917781,7.18041952917781,1
lgbm_nwp_base,L0,Hourly,24.6404071358452,24.6404071358452,,24.6404071358452,24.6404071358452,-1.03222561636802,-1.03222561636802,,28.8169499364422,28.8169499364422,43.8957061649987,43.8957061649987,1
lgbm_nwp_base,L1,Daily,22.1083003295614,21.7137882317203,4.32989901411105,16.5501751812519,28.4604777908783,-5.65828511836729,-5.71179211486201,1.27888532516597,9.02419803799446,8.10611856111711,9.71093739176681,9.36836935214609,5
lgbm_nwp_base,L1,Hourly,34.7409391258941,35.0141927041531,7.8767805324736,24.250249901241,46.0540392051811,-2.06235041785185,-1.89044468485026,0.532014676712434,19.3750286656042,20.4944908756651,44.333791178507,44.2969105877059,5
lgbm_nwp_base,L2,Daily,28.7944389707599,29.8659172878052,5.52624558022299,16.524516761925,44.3620969444593,-7.78236432456263,-8.01891798800398,2.038752170672,5.84492013084241,6.02276661376841,13.2520166757465,13.6272124595118,318
lgbm_nwp_base,L2,Hourly,53.4580558190711,53.2671803299777,13.301342936984,29.4609427402771,98.0860972912096,4.36163316242777,3.30836382403669,4.69860088846943,11.3417156173743,13.2296100347128,21.4261919309218,21.6015978581729,318
pers,L0,Daily,20.2311184104523,20.2311184104523,,20.2311184104523,20.2311184104523,-0.07510362617164,-0.07510362617164,,0,0,7.74614490388218,7.74614490388218,1
pers,L0,Hourly,34.6155540031571,34.6155540031571,,34.6155540031571,34.6155540031571,-0.0751036261716654,-0.0751036261716654,,0,0,10.8562767009846,10.8562767009846,1
pers,L1,Daily,24.5703419636794,26.9630483583732,5.43101832095832,16.1201773151878,29.7523066442416,-0.0583286592198009,-0.0497409435829775,0.055493039361832,0,0,9.77789563333326,9.9830229939312,5
pers,L1,Hourly,43.1461140398421,46.4759419391894,9.21143690687141,28.7220301650679,52.8173486104562,-0.0583286592198029,-0.0497409435829609,0.0554930393618292,0,0,12.9448366075614,13.3409060570872,5
pers,L2,Daily,30.6523001992959,32.1138062011469,5.76991621209289,16.8308418731646,45.6639243184129,-0.0753485185169105,-0.0819203469285041,0.0778535814163376,0,0,13.0524952294885,13.4257418748709,318
pers,L2,Hourly,59.7543175238726,61.9474462027052,10.1186976466589,35.0991645512599,85.5540163373746,-0.0753485185169103,-0.0819203469284859,0.0778535814163369,0,0,20.20218527305,20.9751974750225,318
rf_base,L0,Daily,14.6394408055427,14.6394408055427,,14.6394408055427,14.6394408055427,-0.374477851629456,-0.374477851629456,,27.638994006484,27.638994006484,5.81897170609679,5.81897170609679,1
rf_base,L0,Hourly,24.292988158637,24.292988158637,,24.292988158637,24.292988158637,-1.83737579191281,-1.83737579191281,,29.8205998482031,29.8205998482031,38.9285351611619,38.9285351611619,1
rf_base,L1,Daily,17.9895455537643,18.7305323868981,4.36128734001401,11.8482675111022,23.7493606306158,-0.44564216148341,-0.18652753467443,0.611773635630947,26.8971946149734,27.2427550769309,7.49279292719677,7.399210201109,5
rf_base,L1,Hourly,32.4491589663474,32.9926713387938,7.37545108222766,22.4846304182112,42.9834751195519,-2.42338412841489,-2.56819717117823,0.590154990056592,24.7206164560273,25.2525443449912,40.3592452290251,39.8118776397168,5
rf_base,L2,Daily,23.2800043099682,24.3718370310041,4.94590474650792,12.7953839450475,37.8131027187912,0.208903713687345,0.21582453300949,0.587946490776138,24.2604267450174,24.4436637463278,10.099477060524,10.0407003163977,318
rf_base,L2,Hourly,47.1589491591084,48.0966667003865,8.92929955461978,27.6629410836285,74.0760322411086,-3.87962151245946,-3.83241507810499,0.88499613525468,21.173923156324,21.3568317915851,48.12617201149,48.7225534088599,318
rf_nwp_base,L0,Daily,14.6394408055427,14.6394408055427,,14.6394408055427,14.6394408055427,-0.374477851629456,-0.374477851629456,,27.638994006484,27.638994006484,5.81897170609679,5.81897170609679,1
rf_nwp_base,L0,Hourly,24.292988158637,24.292988158637,,24.292988158637,24.292988158637,-1.83737579191281,-1.83737579191281,,29.8205998482031,29.8205998482031,38.9285351611619,38.9285351611619,1
rf_nwp_base,L1,Daily,17.9895455537643,18.7305323868981,4.36128734001401,11.8482675111022,23.7493606306158,-0.44564216148341,-0.18652753467443,0.611773635630947,26.8971946149734,27.2427550769309,7.49279292719677,7.399210201109,5
rf_nwp_base,L1,Hourly,32.4491589663474,32.9926713387938,7.37545108222766,22.4846304182112,42.9834751195519,-2.42338412841489,-2.56819717117823,0.590154990056592,24.7206164560273,25.2525443449912,40.3592452290251,39.8118776397168,5
rf_nwp_base,L2,Daily,23.2800043099682,24.3718370310041,4.94590474650792,12.7953839450475,37.8131027187912,0.208903713687345,0.21582453300949,0.587946490776138,24.2604267450174,24.4436637463278,10.099477060524,10.0407003163977,318
rf_nwp_base,L2,Hourly,53.4580558190711,53.2671803299777,13.301342936984,29.4609427402771,98.0860972912096,4.36163316242777,3.30836382403669,4.69860088846943,11.3417156173743,13.2296100347128,21.4261919309218,21.6015978581729,318
sarimax_base,L0,Daily,11.9149748457126,11.9149748457126,,11.9149748457126,11.9149748457126,-0.587005454920547,-0.587005454920547,,41.1057035801006,41.1057035801006,4.84704835143557,4.84704835143557,1
sarimax_base,L0,Hourly,29.458940783374,29.458940783374,,29.458940783374,29.458940783374,-1.82821722930178,-1.82821722930178,,14.8968097385146,14.8968097385146,46.6250152057125,46.6250152057125,1
sarimax_base,L1,Daily,16.4358139556947,16.1477218272016,4.18870540372835,10.5145435533911,22.0979833807017,-1.11806405614689,-1.12588502457904,0.629070153809517,33.3025104490166,34.7740204849688,6.98461909917854,6.7855035379123,5
sarimax_base,L1,Hourly,42.0339245139545,39.1279930350979,15.9186139625758,23.8752584079955,67.7422532618242,-4.82804524285176,-3.55799452292935,3.4609911827169,4.47337371917501,13.4184571801692,51.2289255944829,51.4283588359675,5
sarimax_base,L2,Daily,23.5872785492791,23.8765879093912,6.04070630928721,12.2502768290237,52.7895028728742,-1.15156097077816,-1.14289897536934,0.763987273603946,23.4325331597902,24.0488243052787,10.3415698349004,10.3988497278199,318
sarimax_base,L2,Hourly,58.0048865843299,56.8439714861016,13.6472431224943,29.5278336468378,88.6318075094451,-5.14065878269275,-4.90769961315831,2.28137615105962,3.40269620102987,4.99172326738883,56.2597646416486,57.0219788291808,318
sarimax_nwp_base,L0,Daily,11.9149748457126,11.9149748457126,,11.9149748457126,11.9149748457126,-0.587005454920547,-0.587005454920547,,41.1057035801006,41.1057035801006,4.84704835143557,4.84704835143557,1
sarimax_nwp_base,L0,Hourly,29.458940783374,29.458940783374,,29.458940783374,29.458940783374,-1.82821722930178,-1.82821722930178,,14.8968097385146,14.8968097385146,46.6250152057125,46.6250152057125,1
sarimax_nwp_base,L1,Daily,16.4358139556947,16.1477218272016,4.18870540372835,10.5145435533911,22.0979833807017,-1.11806405614689,-1.12588502457904,0.629070153809517,33.3025104490166,34.7740204849688,6.98461909917854,6.7855035379123,5
sarimax_nwp_base,L1,Hourly,42.0339245139545,39.1279930350979,15.9186139625758,23.8752584079955,67.7422532618242,-4.82804524285176,-3.55799452292935,3.4609911827169,4.47337371917501,13.4184571801692,51.2289255944829,51.4283588359675,5
sarimax_nwp_base,L2,Daily,23.5872785492791,23.8765879093912,6.04070630928721,12.2502768290237,52.7895028728742,-1.15156097077816,-1.14289897536934,0.763987273603946,23.4325331597902,24.0488243052787,10.3415698349004,10.3988497278199,318
sarimax_nwp_base,L2,Hourly,53.4580558190711,53.2671803299777,13.301342936984,29.4609427402771,98.0860972912096,4.36163316242777,3.30836382403669,4.69860088846943,11.3417156173743,13.2296100347128,21.4261919309218,21.6015978581729,318
